model,mae,rmse,r2
LinearRegression,1408.7773815104167,1711.6845997629687,0.6484863158144947
RandomForest,1424.0681566666665,1736.562872887206,0.6381939927954935
GradientBoosting,1411.7457083827726,1716.2961883687772,0.6465896811376417
